INSERT INTO associate values (000001, "Alex", "Smith", "11/3/2021", "555 Cool Lane", "Frederick", "Maryland", 21044, 313, "Mobile", 4432771928, 6);
INSERT INTO associate values (000002, "Bill", "Johnson", "12/4/2019", "341 Awesome Road", "Columbia", "Maryland", 21023, 468, "Mobile", 4432771932, 6);
INSERT INTO associate values (000003, "Chris", "Moore", "6/17/2022", "493 Moose Lane", "Miami", "Flordia", 49432, 934, "Mobile", 4439302932, 6);

INSERT INTO partner values (000004, "Dalton", "Schultz", "7/8/2018", "874 Table Road", "Saint Louis", "Missouri", 39432, 032, "Mobile", 8473920283, 2);
INSERT INTO partner values (000005, "Emmanuel", "Mudiay", "3/2/2018", "945 Pencil Lane", "Las Vegas", "Nevada", 94834, 294, "Mobile", 2409838382, 2);
INSERT INTO partner values (000006, "Fred", "Flinstone", "4/27/2019", "629 Wallet Road", "Pittsburgh", "Pensylvania", 84732, 763, "Mobile", 8942048767, 2);

INSERT INTO property_client values (000007, "Grant", "Walker", "983 Paper Lane", "Cleveland", "Ohio", 38434, 938, "mobile", 9849304857, "Lots of bathrooms", 100);
INSERT INTO property_client values (000008, "Hunter", "Henry", "484 Cup Road", "Cincinatti", "Ohio", 09833, 394, "mobile", 4831349873, "Lots of bedrooms", 200);
INSERT INTO property_client values (000009, "Irvin", "Alexander", "984 String Lane", "New England", "Massachusetts", 23743, 839, "mobile", 9383201920, "Big yard", 300);
INSERT INTO property_client values (000010, "Jackson", "Jones", "239 Rug Road", "Kansas City", "Missouri", 93873, 343, "mobile", 8473943092, "Quiet neighborhood", 400);
INSERT INTO property_client values (000011, "Kelsey", "Mattison", "974 Carpet Lane", "Houston", "Texas", 20939, 874, "mobile", 0983749832, "Near a grocery store", 500);
INSERT INTO property_client values (000012, "Logan", "Watkins", "123 Car Key Road", "Detroit", "Michigan", 48321, 082, "mobile", 9843203322, "Gated community", 600);
INSERT INTO property_client values (000013, "Mason", "Rudolph", "657 Door Frame Lane", "Dallas", "Texas", 82182, 200, "mobile", 2983209234, "Pool", 700);
INSERT INTO property_client values (000014, "Nelson", "Mandela", "932 Ceiling Road", "San Fransisco", "California", 38023, 023, "mobile", 3323482983, "Frinedly neighbors", 800);
INSERT INTO property_client values (000015, "Oliver", "Austin", "235 Painting Lane", "San Diego", "California", 09843, 109, "mobile", 9873230889, "Large space for dogs", 900);
INSERT INTO property_client values (000016, "Penny", "Peters", "820 Tree Road", "Atlanta", "Georgia", 77777, 723, "mobile", 9080803333, "Cheap electricity", 1000);
INSERT INTO property_client values (000017, "Quagmie", "Griffen", "990 Cabin Lane", "Fairfield", "Iowa", 08732, 299, "mobile", 8392223333, "2 stories", 1100);
INSERT INTO property_client values (000018, "Rose", "Handson", "485 Refrigerator Road", "Des Moines", "Iowa", 30847, 128, "mobile", 8733287429, "Lots of trees", 1200);

INSERT INTO property_owner values (000019, "Steven", "Taylor", "754 Sandpaper Lane", "Hilo", "Hawaii", 93748, 248, "mobile", 4098373984);
INSERT INTO property_owner values (000020, "Thomas", "Miller", "394 Mustang Road", "Boise", "Idaho", 92832, 239, "mobile", 2983230834);
INSERT INTO property_owner values (000021, "Vince", "Powers", "198 Frog Lane", "Kellogg", "Idaho", 45677, 456, "mobile", 9832731111);
INSERT INTO property_owner values (000022, "Will", "Hill", "512 Andaconda Road", "Brookfield", "Chicago", 08983, 329, "mobile", 1203042333);
INSERT INTO property_owner values (000024, "Yu", "Lu", "356 Pepper Lane", "Danville", "Chicago", 98743, 245, "mobile", 3483237766);
INSERT INTO property_owner values (000025, "Zan", "Qui", "667 Sandwhich Road", "Bozeman", "Montana", 29837, 222, "mobile", 2334569999);

INSERT INTO rental_property values (000026, "837 Window Lane", "Red Cloud", "Nebraska", 93843, 245, "Residential", 1, 1, 100, 100, 10, true);
INSERT INTO rental_property values (000027, "987 Bicycle Road", "Bath", "North Carolina", 34849, 145, "Residential", 2, 2, 200, 200, 20, true);
INSERT INTO rental_property values (000028, "888 Wheelbarrow Lane", "Richmond", "Virginia", 30938, 430, "Residential", 3, 3, 300, 300, 30, true);
INSERT INTO rental_property values (000029, "418 Shovel Road", "Gainsville", "Florida", 09347, 111, "Residential", 4, 4, 400, 400, 40, false);
INSERT INTO rental_property values (000030, "298 Plant Lane", "Price", "Utah", 09383, 222, "Residential", 5, 5, 500, 500, 50, false);
INSERT INTO rental_property values (000031, "671 Cat Road", "Murray", "Utah", 97823, 982, "Residential", 6, 6, 600, 600, 60, false);

INSERT INTO rental_property values (000032, "965 Dog Lane", "Aberdeen", "Washingon", 09882, 234, "Commercial", NULL, NULL, 700, 700, 70, true);
INSERT INTO rental_property values (000033, "948 Fish Road", "Kelso", "Washington", 56789, 209, "Commercial", NULL, NULL, 800, 800, 80, true);
INSERT INTO rental_property values (000034, "345 Paper Company Lane", "Saint Cloud", "Minnesota", 33123, 209, "Commercial", NULL, NULL, 900, 900, 90, true);
INSERT INTO rental_property values (000035, "659 Fan Road", "Salem", "New Hampshire", 87654, 765, "Commercial", NULL, NULL, 1000, 1000, 100, false);
INSERT INTO rental_property values (000036, "349 Ankle Lane", "Lakewood", "New Jersey", 13847, 347, "Commercial", NULL, NULL, 1100, 1100, 110, false);
INSERT INTO rental_property values (000037, "894 Football Road", "Ontario", "Oregon", 20893, 111, "Commercial", NULL, NULL, 1200, 1200, 120, false);

INSERT INTO rental_property values (000038, "398 Box Lane", "Hillsboro", "Oregon", 20938, 213, "Industrial", NULL, NULL, 1300, 1300, 130, true);
INSERT INTO rental_property values (000039, "284 Present Road", "Memphis", "Tennessee", 30984, 093, "Industrial", NULL, NULL, 1400, 1400, 140, true);
INSERT INTO rental_property values (000040, "738 Circle Lane", "Knoxville", "Tennessee", 32094, 039, "Industrial", NULL, NULL, 1500, 1500, 150, true);
INSERT INTO rental_property values (000041, "098 Planet Road", "Buffalo", "Wyoming", 20942, 245, "Industrial", NULL, NULL, 1600, 1600, 160, false);
INSERT INTO rental_property values (000042, "308 Sunflower Lane", "Rawlins", "Wyoming", 30922, 130, "Industrial", NULL, NULL, 1700, 1700, 170, false);
INSERT INTO rental_property values (000043, "777 Garden Road", "Anchorage", "Alaska", 29833, 223, "Industrial", NULL, NULL, 1800, 1800, 180, false);

-- For testing query #6
INSERT INTO rental_property values (000200, "728 Wonder Road", "Chickasaw", "Alabama", 38473, 389, "Residential", NULL, NULL, 1000, 1000, 100, false);
INSERT INTO rental_property values (000201, "729 Wonder Road", "Chickasaw", "Alabama", 38473, 390, "Residential", NULL, NULL, 1000, 1000, 100, false);
INSERT INTO rental_property values (000202, "730 Wonder Road", "Chickasaw", "Alabama", 38473, 391, "Residential", NULL, NULL, 1000, 1000, 100, false);
INSERT INTO rental_property values (000203, "731 Wonder Road", "Chickasaw", "Alabama", 38473, 392, "Residential", NULL, NULL, 1000, 1000, 100, false);
INSERT INTO rental_property values (000204, "732 Wonder Road", "Chickasaw", "Alabama", 38473, 393, "Residential", NULL, NULL, 1000, 1000, 100, false);
INSERT INTO property_owner values (000026, "Rich", "Guy", "738 Rich Guy Road", "Chickasaw", "Alabama", 38473, 394, "mobile", 4098373923);
INSERT INTO owned_by values (000200, 000026);
INSERT INTO owned_by values (000201, 000026);
INSERT INTO owned_by values (000202, 000026);
INSERT INTO owned_by values (000203, 000026);
INSERT INTO owned_by values (000204, 000026);
INSERT INTO viewing_for_property values (000056, 000200, 000001, 000007, "2024-3-25", "13:30");
INSERT INTO viewing_for_property values (000057, 000201, 000001, 000007, "2024-3-24", "13:30");
INSERT INTO viewing_for_property values (000058, 000202, 000001, 000007, "2024-3-23", "13:30");
INSERT INTO viewing_for_property values (000059, 000203, 000001, 000007, "2024-3-22", "13:30");
INSERT INTO viewing_for_property values (000060, 000204, 000001, 000007, "2024-3-21", "13:30");


-- For testing query #7
INSERT INTO property_owner values (000050, "Pat", "Doe", "322 Blind Lane", "San Fransisco", "California", 48734, 234, "mobile", 4098373345);
INSERT INTO rental_property values (111111, "382 Frog Road", "Ajo", "Arizona", 38932, 452, "Commercial", NULL, NULL, 700, 700, 70, true);
INSERT INTO rental_property values (222222, "398 Leopard Lane", "Antioch", "California", 48932, 298, "Commercial", NULL, NULL, 800, 800, 70, true);
INSERT INTO rental_property values (333333, "893 Mice Road", "Berlin", "Connecticut", 39822, 500, "Commercial", NULL, NULL, 900, 900, 90, true);
INSERT INTO owned_by values (111111, 000050);
INSERT INTO owned_by values (222222, 000050);
INSERT INTO owned_by values (333333, 000050);
INSERT INTO property_owner values (000051, "Cool", "Man", "431 Road Road", "Austin", "Texas", 34563, 234, "mobile", 4098376565);
INSERT INTO rental_property values (444444, "743 Air Duct Road", "Ajo", "Arizona", 38932, 880, "Residential", 1, 1, 100, 100, 10, true);
INSERT INTO rental_property values (555555, "293 Night Light Road", "Antioch", "California", 48932, 345, "Residential", 1, 1, 100, 100, 10, true);
INSERT INTO rental_property values (666666, "111 Steep Lane", "Berlin", "Conntecticut", 39822, 215, "Residential", 1, 1, 100, 100, 10, true);
INSERT INTO rental_property values (777777, "454 Dirt Road", "Nashive", "Tennessee", 34352, 276, "Residential", 1, 1, 100, 100, 10, true);
INSERT INTO rental_property values (888888, "455 Dirt Road", "Berlin", "Conntecticut", 34352, 276, "Residential", 1, 1, 100, 100, 10, true);
INSERT INTO rental_property values (999999, "423 Dirt Road", "dasds", "adasdds", 34352, 276, "Residential", 1, 1, 100, 100, 10, true);
INSERT INTO owned_by values (444444, 000051);
INSERT INTO owned_by values (555555, 000051);
INSERT INTO owned_by values (666666, 000051);
INSERT INTO owned_by values (777777, 000051);
INSERT INTO owned_by values (888888, 000051);
INSERT INTO owned_by values (999999, 000051);


INSERT INTO viewing_for_property values (000044, 000026, 000001, 000007, "2024-3-26", "13:30");
INSERT INTO viewing_for_property values (000045, 000027, 000001, 000008, "2024-3-27", "14:30");
INSERT INTO viewing_for_property values (000046, 000028, 000001, 000009, "2024-3-28", "15:30");
INSERT INTO viewing_for_property values (000047, 000029, 000001, 000010, "2024-3-29", "16:30");
INSERT INTO viewing_for_property values (000048, 000032, 000002, 000011, "2024-3-26", "13:30");
INSERT INTO viewing_for_property values (000049, 000033, 000002, 000012, "2024-3-27", "14:30");
INSERT INTO viewing_for_property values (000050, 000034, 000002, 000013, "2024-3-28", "15:30");
INSERT INTO viewing_for_property values (000051, 000035, 000002, 000014, "2024-3-29", "16:30");
INSERT INTO viewing_for_property values (000052, 000038, 000003, 000015, "2024-3-26", "13:30");
INSERT INTO viewing_for_property values (000053, 000039, 000003, 000016, "2024-3-27", "14:30");
INSERT INTO viewing_for_property values (000054, 000040, 000003, 000017, "2024-3-28", "15:30");
INSERT INTO viewing_for_property values (000055, 000041, 000003, 000018, "2024-3-29", "16:30");

INSERT INTO lease values (000056, 000007, 000019, 000004, 000026, "4/1/2024", 100, 100, "3 months", "2024-4-1", "2024-7-1");
INSERT INTO lease values (000057, 000008, 000020, 000004, 000027, "4/2/2024", 200, 200, "6 months", "2024-4-2", "2024-10-2");
INSERT INTO lease values (000058, 000009, 000021, 000005, 000032, "4/3/2024", 700, 700, "9 months", "2024-4-3", "2025-1-3");
INSERT INTO lease values (000059, 000010, 000022, 000005, 000033, "4/4/2024", 800, 800, "12 months", "2024-4-4", "2025-4-4");
INSERT INTO lease values (000060, 000011, 000024, 000006, 000038, "4/5/2024", 1300, 1300, "15 months", "2024-4-5", "2025-7-5");
INSERT INTO lease values (000061, 000012, 000025, 000006, 000039, "4/6/2024", 1400, 1400, "18 months", "2024-4-6", "2025-10-6");

INSERT INTO managed_by values (000001, 000026);
INSERT INTO managed_by values (000001, 000027);
INSERT INTO managed_by values (000001, 000028);
INSERT INTO managed_by values (000001, 000029);
INSERT INTO managed_by values (000002, 000032);
INSERT INTO managed_by values (000002, 000033);
INSERT INTO managed_by values (000002, 000034);
INSERT INTO managed_by values (000002, 000035);
INSERT INTO managed_by values (000003, 000038);
INSERT INTO managed_by values (000003, 000039);
INSERT INTO managed_by values (000003, 000040);
INSERT INTO managed_by values (000003, 000041);

INSERT INTO managed_by values (000001, 000030);
INSERT INTO managed_by values (000001, 000031);
INSERT INTO managed_by values (000002, 000036);
INSERT INTO managed_by values (000002, 000037);
INSERT INTO managed_by values (000003, 000042);
INSERT INTO managed_by values (000003, 000043);

INSERT INTO owned_by values (000026, 000019);
INSERT INTO owned_by values (000027, 000020);
INSERT INTO owned_by values (000032, 000021);
INSERT INTO owned_by values (000033, 000022);
INSERT INTO owned_by values (000038, 000024);
INSERT INTO owned_by values (000039, 000025);

INSERT INTO owned_by values (000028, 000019);
INSERT INTO owned_by values (000029, 000020);
INSERT INTO owned_by values (000030, 000021);
INSERT INTO owned_by values (000031, 000022);
INSERT INTO owned_by values (000034, 000024);
INSERT INTO owned_by values (000035, 000025);
INSERT INTO owned_by values (000036, 000019);
INSERT INTO owned_by values (000037, 000020);
INSERT INTO owned_by values (000040, 000021);
INSERT INTO owned_by values (000041, 000022);
INSERT INTO owned_by values (000042, 000024);
INSERT INTO owned_by values (000043, 000025);

INSERT INTO email values (000100, "grantwalker@gmail.com", 000007, NULL, NULL, NULL);
INSERT INTO email values (000101, "hunterhenry@gmail.com", 000008, NULL, NULL, NULL);
INSERT INTO email values (000102, "irvinalexander@gmail.com", 000009, NULL, NULL, NULL);
INSERT INTO email values (000103, "jacksonjones@gmail.com", 000010, NULL, NULL, NULL);
INSERT INTO email values (000104, "kelseymattison@gmail.com", 000011, NULL, NULL, NULL);
INSERT INTO email values (000105, "loganwatkins@gmail.com", 000012, NULL, NULL, NULL);
INSERT INTO email values (000106, "masonrudolph@gmail.com", 000013, NULL, NULL, NULL);
INSERT INTO email values (000107, "nelsonmandela@gmail.com", 000014, NULL, NULL, NULL);
INSERT INTO email values (000108, "oliveraustin@gmail.com", 000015, NULL, NULL, NULL);
INSERT INTO email values (000109, "pennypeters@gmail.com", 000016, NULL, NULL, NULL);
INSERT INTO email values (000110, "quagmiregriffen@gmail.com", 000017, NULL, NULL, NULL);
INSERT INTO email values (000111, "rosehandson@gmail.com", 000018, NULL, NULL, NULL);

INSERT INTO email values (000112, "steventaylor@gmail.com", NULL, 000019, NULL, NULL);
INSERT INTO email values (000113, "thomasmiller@gmail.com", NULL, 000020, NULL, NULL);
INSERT INTO email values (000114, "vincepowers@gmail.com", NULL, 000021, NULL, NULL);
INSERT INTO email values (000115, "willhill@gmail.com", NULL, 000022, NULL, NULL);
INSERT INTO email values (000116, "yulu@gmail.com", NULL, 000024, NULL, NULL);
INSERT INTO email values (000117, "zanqui@gmail.com", NULL, 000025, NULL, NULL);

INSERT INTO email values (000118, "alexsmith@gmail.com", NULL, NULL, 000001, NULL);
INSERT INTO email values (000119, "billjohnson@gmail.com", NULL, NULL, 000002, NULL);
INSERT INTO email values (000120, "chrismoore@gmail.com", NULL, NULL, 000003, NULL);

INSERT INTO email values (000121, "daltonschultz@gmail.com", NULL, NULL, NULL, 000004);
INSERT INTO email values (000122, "emmanuelmudiay@gmail.com", NULL, NULL, NULL, 000005);
INSERT INTO email values (000123, "fredflinstone@gmail.com", NULL, NULL, NULL, 000006);

INSERT INTO viewing_for_property values (111111, 000041, 000003, 000018, "2024-3-26", "16:30");


INSERT INTO rental_property values (000600, "893 Mice Road", "Detroit", "Michigan", 39822, 500, "Commercial", NULL, NULL, 900, 900, 90, true);
INSERT INTO rental_property values (000601, "894 Mice Road", "Detroit", "Michigan", 39822, 500, "Commercial", NULL, NULL, 900, 900, 90, true);
INSERT INTO rental_property values (000602, "895 Mice Road", "Detroit", "Michigan", 39822, 500, "Commercial", NULL, NULL, 900, 900, 90, true);
INSERT INTO rental_property values (000603, "896 Mice Road", "Detroit", "Michigan", 39822, 500, "Commercial", NULL, NULL, 900, 900, 90, true);
INSERT INTO owned_by values (000600, 000019);
INSERT INTO owned_by values (000601, 000019);
INSERT INTO owned_by values (000602, 000019);
INSERT INTO owned_by values (000603, 000019);
INSERT INTO lease values (500, 000007, 000019, 000004, 000600, "4/1/2024", 100, 100, "3 months", "2024-4-1", "2024-7-1");
INSERT INTO lease values (501, 000007, 000019, 000004, 000601, "4/1/2024", 100, 100, "3 months", "2024-4-1", "2024-7-1");
INSERT INTO lease values (502, 000007, 000019, 000004, 000602, "4/1/2024", 100, 100, "3 months", "2024-4-1", "2024-7-1");
INSERT INTO lease values (503, 000007, 000019, 000004, 000603, "4/1/2024", 100, 100, "3 months", "2024-4-1", "2024-7-1");